"id","name","name_ar","dial_code","currency","iso2","iso3","is_arabian_country","is_khaliji_country","flag","order","created_at","updated_at"
1,Afghanistan,ุฃูุบุงูุณุชุงู,+93,AFN,AF,AFG,0,0,๐ฆ๐ซ,0,"2022-12-22 05:58:37","2022-12-22 05:58:37"
2,Albania,ุฃูุจุงููุง,+355,ALL,AL,ALB,0,0,๐ฆ๐ฑ,0,"2022-12-22 05:58:37","2022-12-22 05:58:37"
3,Algeria,ุงูุฌุฒุงุฆุฑ,+213,DZD,DZ,DZA,1,0,๐ฉ๐ฟ,13,"2022-12-22 05:58:37","2022-12-22 05:58:37"
4,Andorra,ุฃูุฏูุฑุง,+376,EUR,AD,AND,0,0,๐ฆ๐ฉ,0,"2022-12-22 05:58:37","2022-12-22 05:58:37"
5,Angola,ุฃูุบููุง,+244,AOA,AO,AGO,0,0,๐ฆ๐ด,0,"2022-12-22 05:58:37","2022-12-22 05:58:37"
6,Anguilla,ุฃูุบูููุง,+1264,XCD,AI,AIA,0,0,๐ฆ๐ฎ,0,"2022-12-22 05:58:37","2022-12-22 05:58:37"
7,Antigua and Barbuda,ุฃูุชูุบูุง ูุจุฑุจูุฏุง,+1268,XCD,AG,ATG,0,0,๐ฆ๐ฌ,0,"2022-12-22 05:58:37","2022-12-22 05:58:37"
8,Argentina,ุงูุฃุฑุฌูุชูู,+54,ARS,AR,ARG,0,0,๐ฆ๐ท,0,"2022-12-22 05:58:37","2022-12-22 05:58:37"
9,Armenia,ุฃุฑููููุง,+374,AMD,AM,ARM,0,0,๐ฆ๐ฒ,0,"2022-12-22 05:58:37","2022-12-22 05:58:37"
10,Aruba,ุฃุฑูุจุง,+297,AWG,AW,ABW,0,0,๐ฆ๐ผ,0,"2022-12-22 05:58:37","2022-12-22 05:58:37"
11,Australia,ุฃุณุชุฑุงููุง,+61,AUD,AU,AUS,0,0,๐ฆ๐บ,0,"2022-12-22 05:58:37","2022-12-22 05:58:37"
12,Austria,ุงูููุณุง,+43,EUR,AT,AUT,0,0,๐ฆ๐น,0,"2022-12-22 05:58:37","2022-12-22 05:58:37"
13,Azerbaijan,ุฃุฐุฑุจูุฌุงู,+994,AZN,AZ,AZE,0,0,๐ฆ๐ฟ,0,"2022-12-22 05:58:37","2022-12-22 05:58:37"
14,Bahamas,ุฌุฒุฑ ุงูุจูุงูุง,+1242,BSD,BS,BHS,0,0,๐ง๐ธ,0,"2022-12-22 05:58:37","2022-12-22 05:58:37"
15,Bahrain,ุงูุจุญุฑูู,+973,BHD,BH,BHR,1,1,๐ง๐ญ,20,"2022-12-22 05:58:37","2022-12-22 05:58:37"
16,Bangladesh,ุจูุฌูุงุฏูุด,+880,BDT,BD,BGD,0,0,๐ง๐ฉ,0,"2022-12-22 05:58:37","2022-12-22 05:58:37"
17,Barbados,ุจุงุฑุจุงุฏูุณ,+1246,BBD,BB,BRB,0,0,๐ง๐ง,0,"2022-12-22 05:58:37","2022-12-22 05:58:37"
18,Belarus,ุจููุงุฑูุณ,+375,BYR,BY,BLR,0,0,๐ง๐พ,0,"2022-12-22 05:58:37","2022-12-22 05:58:37"
19,Belgium,ุจูุฌููุง,+32,EUR,BE,BEL,0,0,๐ง๐ช,0,"2022-12-22 05:58:37","2022-12-22 05:58:37"
20,Belize,ุจูููุฒ,+501,BZD,BZ,BLZ,0,0,๐ง๐ฟ,0,"2022-12-22 05:58:37","2022-12-22 05:58:37"
21,Benin,ุจููู,+229,XOF,BJ,BEN,0,0,๐ง๐ฏ,0,"2022-12-22 05:58:37","2022-12-22 05:58:37"
22,Bermuda,ุจุฑููุฏุง,+1441,BMD,BM,BMU,0,0,๐ง๐ฒ,0,"2022-12-22 05:58:37","2022-12-22 05:58:37"
23,Bhutan,ุจูุชุงู,+975,BTN,BT,BTN,0,0,๐ง๐น,0,"2022-12-22 05:58:37","2022-12-22 05:58:37"
24,Bolivia,ุจูููููุง,+591,BOB,BO,BOL,0,0,๐ง๐ด,0,"2022-12-22 05:58:37","2022-12-22 05:58:37"
25,Bosnia and Herzegovina,ุงูุจูุณูุฉ ูุงููุฑุณู,+387,BAM,BA,BIH,0,0,๐ง๐ฆ,0,"2022-12-22 05:58:37","2022-12-22 05:58:37"
26,Botswana,ุจูุชุณูุงูุง,+267,BWP,BW,BWA,0,0,๐ง๐ผ,0,"2022-12-22 05:58:37","2022-12-22 05:58:37"
27,Brazil,ุงูุจุฑุงุฒูู,+55,BRL,BR,BRA,0,0,๐ง๐ท,0,"2022-12-22 05:58:37","2022-12-22 05:58:37"
28,British Indian Ocean Territory,ุฅูููู ุงููุญูุท ุงูููุฏู ุงูุจุฑูุทุงูู,+246,USD,IO,IOT,0,0,๐ฎ๐ด,0,"2022-12-22 05:58:37","2022-12-22 05:58:37"
29,Brunei,ุจุฑููุงู,+673,BND,BN,BRN,0,0,๐ง๐ณ,0,"2022-12-22 05:58:37","2022-12-22 05:58:37"
30,Bulgaria,ุจูุบุงุฑูุง,+359,BGN,BG,BGR,0,0,๐ง๐ฌ,0,"2022-12-22 05:58:37","2022-12-22 05:58:37"
31,Burkina Faso,ุจูุฑูููุง ูุงุณู,+226,XOF,BF,BFA,0,0,๐ง๐ซ,0,"2022-12-22 05:58:37","2022-12-22 05:58:37"
32,Myanmar,ููุงููุงุฑ,+95,MMK,MM,MMR,0,0,๐ฒ๐ฒ,0,"2022-12-22 05:58:37","2022-12-22 05:58:37"
33,Burundi,ุจูุฑููุฏู,+257,BIF,BI,BDI,0,0,๐ง๐ฎ,0,"2022-12-22 05:58:37","2022-12-22 05:58:37"
34,Cambodia,ูุงูุจูุฏูุง,+855,KHR,KH,KHM,0,0,๐ฐ๐ญ,0,"2022-12-22 05:58:37","2022-12-22 05:58:37"
35,Cameroon,ุงููุงููุฑูู,+237,XAF,CM,CMR,0,0,๐จ๐ฒ,0,"2022-12-22 05:58:37","2022-12-22 05:58:37"
36,Canada,ููุฏุง,+1,CAD,CA,CAN,0,0,๐จ๐ฆ,0,"2022-12-22 05:58:37","2022-12-22 05:58:37"
37,Cape Verde,ุงูุฑุฃุณ ุงูุฃุฎุถุฑ,+238,CVE,CV,CPV,0,0,๐จ๐ป,0,"2022-12-22 05:58:37","2022-12-22 05:58:37"
38,Cayman Islands,ุฌุฒุฑ ูุงููุงู,+1345,KYD,KY,CYM,0,0,๐ฐ๐พ,0,"2022-12-22 05:58:37","2022-12-22 05:58:37"
39,Central African Republic,ุฌูููุฑูุฉ ุฃูุฑูููุง ุงููุณุทู,+236,XAF,CF,CAF,0,0,๐จ๐ซ,0,"2022-12-22 05:58:37","2022-12-22 05:58:37"
40,Chad,ุชุดุงุฏ,+235,XAF,TD,TCD,0,0,๐น๐ฉ,0,"2022-12-22 05:58:37","2022-12-22 05:58:37"
41,Christmas Island,ุฌุฒูุฑุฉ ุงููุฑูุณูุงุณ,+61,AUD,CX,CXR,0,0,๐จ๐ฝ,0,"2022-12-22 05:58:37","2022-12-22 05:58:37"
42,Cocos (Keeling) Islands,ุฌุฒุฑ ุงูููููุณ (ููููู),+61,AUD,CC,CCK,0,0,๐จ๐จ,0,"2022-12-22 05:58:37","2022-12-22 05:58:37"
43,Cook Islands,ุฌุฒุฑ ููู,+682,NZD,CK,COK,0,0,๐จ๐ฐ,0,"2022-12-22 05:58:37","2022-12-22 05:58:37"
44,Chile,ุชุดููู,+56,CLP,CL,CHL,0,0,๐จ๐ฑ,0,"2022-12-22 05:58:37","2022-12-22 05:58:37"
45,China,ุงูุตูู,+86,CNY,CN,CHN,0,0,๐จ๐ณ,0,"2022-12-22 05:58:37","2022-12-22 05:58:37"
46,Colombia,ูููููุจูุง,+57,COP,CO,COL,0,0,๐จ๐ด,0,"2022-12-22 05:58:37","2022-12-22 05:58:37"
47,Comoros,ุฌุฒุฑ ุงูููุฑ,+269,KMF,KM,COM,0,0,๐ฐ๐ฒ,0,"2022-12-22 05:58:37","2022-12-22 05:58:37"
48,Congo,ุงููููุบู,+242,XAF,CG,COG,0,0,๐จ๐ฌ,0,"2022-12-22 05:58:37","2022-12-22 05:58:37"
49,Costa Rica,ููุณุชุงุฑููุง,+506,CRC,CR,CRI,0,0,๐จ๐ท,0,"2022-12-22 05:58:37","2022-12-22 05:58:37"
50,Croatia,ูุฑูุงุชูุง,+385,HRK,HR,HRV,0,0,๐ญ๐ท,0,"2022-12-22 05:58:37","2022-12-22 05:58:37"
51,Cuba,ููุจุง,+53,CUP,CU,CUB,0,0,๐จ๐บ,0,"2022-12-22 05:58:37","2022-12-22 05:58:37"
52,Cyprus,ูุจุฑุต,+357,EUR,CY,CYP,0,0,๐จ๐พ,0,"2022-12-22 05:58:37","2022-12-22 05:58:37"
53,Czech Republic,ุฌูููุฑูุฉ ุงูุชุดูู,+420,CZK,CZ,CZE,0,0,๐จ๐ฟ,0,"2022-12-22 05:58:37","2022-12-22 05:58:37"
54,Denmark,ุงูุฏุงููุงุฑู,+45,DKK,DK,DNK,0,0,๐ฉ๐ฐ,0,"2022-12-22 05:58:37","2022-12-22 05:58:37"
55,Djibouti,ุฌูุจูุชู,+253,DJF,DJ,DJI,0,0,๐ฉ๐ฏ,0,"2022-12-22 05:58:37","2022-12-22 05:58:37"
56,Dominica,ุฏููููููุง,+1767,XCD,DM,DMA,0,0,๐ฉ๐ฒ,0,"2022-12-22 05:58:37","2022-12-22 05:58:37"
57,Dominican Republic,ุฌูููุฑูุฉ ุงูุฏููููููุงู,+1849,DOP,DO,DOM,0,0,๐ฉ๐ด,0,"2022-12-22 05:58:37","2022-12-22 05:58:37"
58,Timor-Leste,ุชูููุฑ ุงูุดุฑููุฉ,+670,USD,TL,TLS,0,0,๐น๐ฑ,0,"2022-12-22 05:58:37","2022-12-22 05:58:37"
59,Tokelau,ุชููููุงู,+690,NZD,TK,TKL,0,0,๐น๐ฐ,0,"2022-12-22 05:58:37","2022-12-22 05:58:37"
60,Turks and Caicos Islands,ุฌุฒุฑ ุชุฑูุณ ููุงูููุณ,+1649,USD,TC,TCA,0,0,๐น๐จ,0,"2022-12-22 05:58:37","2022-12-22 05:58:37"
61,Ecuador,ุฅููุงุฏูุฑ,+593,USD,EC,ECU,0,0,๐ช๐จ,0,"2022-12-22 05:58:37","2022-12-22 05:58:37"
62,Egypt,ูุตุฑ,+20,EGP,EG,EGY,1,0,๐ช๐ฌ,16,"2022-12-22 05:58:37","2022-12-22 05:58:37"
63,El Salvador,ุงูุณููุงุฏูุฑ,+503,USD,SV,SLV,0,0,๐ธ๐ป,0,"2022-12-22 05:58:37","2022-12-22 05:58:37"
64,Equatorial Guinea,ุบูููุง ุงูุงุณุชูุงุฆูุฉ,+240,XAF,GQ,GNQ,0,0,๐ฌ๐ถ,0,"2022-12-22 05:58:37","2022-12-22 05:58:37"
65,Eritrea,ุฅุฑูุชุฑูุง,+291,ERN,ER,ERI,0,0,๐ช๐ท,0,"2022-12-22 05:58:37","2022-12-22 05:58:37"
66,Estonia,ุฅุณุชูููุง,+372,EUR,EE,EST,0,0,๐ช๐ช,0,"2022-12-22 05:58:37","2022-12-22 05:58:37"
67,Ethiopia,ุฅุซููุจูุง,+251,ETB,ET,ETH,0,0,๐ช๐น,0,"2022-12-22 05:58:37","2022-12-22 05:58:37"
68,Faroe Islands,ุฌุฒุฑ ูุงูุฑู,+298,DKK,FO,FRO,0,0,๐ซ๐ด,0,"2022-12-22 05:58:37","2022-12-22 05:58:37"
69,Falkland Islands,ุฌุฒุฑ ููููุงูุฏ,+500,FKP,FK,FLK,0,0,๐ซ๐ฐ,0,"2022-12-22 05:58:37","2022-12-22 05:58:37"
70,Fiji,ุฌุฒุฑ ููุฌู,+679,FJD,FJ,FJI,0,0,๐ซ๐ฏ,0,"2022-12-22 05:58:37","2022-12-22 05:58:37"
71,Finland,ููููุฏุง,+358,EUR,FI,FIN,0,0,๐ซ๐ฎ,0,"2022-12-22 05:58:37","2022-12-22 05:58:37"
72,France,ูุฑูุณุง,+33,EUR,FR,FRA,0,0,๐ซ๐ท,0,"2022-12-22 05:58:37","2022-12-22 05:58:37"
73,French Polynesia,ุจููููุฒูุง ุงููุฑูุณูุฉ,+689,XPF,PF,PYF,0,0,๐ต๐ซ,0,"2022-12-22 05:58:37","2022-12-22 05:58:37"
74,Gabon,ุงูุฌุงุจูู,+241,XAF,GA,GAB,0,0,๐ฌ๐ฆ,0,"2022-12-22 05:58:37","2022-12-22 05:58:37"
75,Gambia,ุฌุงูุจูุง,+220,GMD,GM,GMB,0,0,๐ฌ๐ฒ,0,"2022-12-22 05:58:37","2022-12-22 05:58:37"
76,Georgia,ุฌูุฑุฌูุง,+995,GEL,GE,GEO,0,0,๐ฌ๐ช,0,"2022-12-22 05:58:37","2022-12-22 05:58:37"
77,Gibraltar,ุฌุจู ุทุงุฑู,+350,GIP,GI,GIB,0,0,๐ฌ๐ฎ,0,"2022-12-22 05:58:37","2022-12-22 05:58:37"
78,Germany,ุฃููุงููุง,+49,EUR,DE,DEU,0,0,๐ฉ๐ช,0,"2022-12-22 05:58:37","2022-12-22 05:58:37"
79,Ghana,ุบุงูุง,+233,GHS,GH,GHA,0,0,๐ฌ๐ญ,0,"2022-12-22 05:58:37","2022-12-22 05:58:37"
80,Greece,ุงููููุงู,+30,EUR,GR,GRC,0,0,๐ฌ๐ท,0,"2022-12-22 05:58:37","2022-12-22 05:58:37"
81,Greenland,ุฌุฑูููุงูุฏ,+299,DKK,GL,GRL,0,0,๐ฌ๐ฑ,0,"2022-12-22 05:58:37","2022-12-22 05:58:37"
82,Guadeloupe,ุฌูุงุฏูููุจ,+590,EUR,GP,GLP,0,0,๐ฌ๐ต,0,"2022-12-22 05:58:37","2022-12-22 05:58:37"
83,Grenada,ุบุฑููุงุฏุง,+1473,XCD,GD,GRD,0,0,๐ฌ๐ฉ,0,"2022-12-22 05:58:37","2022-12-22 05:58:37"
84,Guernsey,ุฌูุฑูุฒู,+44,GBP,GG,GGY,0,0,๐ฌ๐ฌ,0,"2022-12-22 05:58:37","2022-12-22 05:58:37"
85,Guatemala,ุฌูุงุชููุงูุง,+502,GTQ,GT,GTM,0,0,๐ฌ๐น,0,"2022-12-22 05:58:37","2022-12-22 05:58:37"
86,Guam,ุฌูุงู,+1671,USD,GU,GUM,0,0,๐ฌ๐บ,0,"2022-12-22 05:58:37","2022-12-22 05:58:37"
87,Guinea,ุบูููุง,+224,GNF,GN,GIN,0,0,๐ฌ๐ณ,0,"2022-12-22 05:58:37","2022-12-22 05:58:37"
88,Guinea-Bissau,ุบูููุง ุจูุณุงู,+245,XOF,GW,GNB,0,0,๐ฌ๐ผ,0,"2022-12-22 05:58:37","2022-12-22 05:58:37"
89,Guyana,ุฌูุงูุง,+592,GYD,GY,GUY,0,0,๐ฌ๐พ,0,"2022-12-22 05:58:37","2022-12-22 05:58:37"
90,Haiti,ูุงูุชู,+509,HTG,HT,HTI,0,0,๐ญ๐น,0,"2022-12-22 05:58:37","2022-12-22 05:58:37"
91,Heard Island and McDonald Islands,ุฌุฒูุฑุฉ ููุฑุฏ ูุฌุฒุฑ ูุงูุฏููุงูุฏ,+ ,AUD,HM,HMD,0,0,๐ญ๐ฒ,0,"2022-12-22 05:58:37","2022-12-22 05:58:37"
92,Jordan,ุงูุฃุฑุฏู,+962,JOD,JO,JOR,1,0,๐ฏ๐ด,4,"2022-12-22 05:58:37","2022-12-22 05:58:37"
93,Yemen,ุงูููู,+967,YER,YE,YEM,1,0,๐พ๐ช,3,"2022-12-22 05:58:37","2022-12-22 05:58:37"
94,Honduras,ููุฏูุฑุงุณ,+504,HNL,HN,HND,0,0,๐ญ๐ณ,0,"2022-12-22 05:58:37","2022-12-22 05:58:37"
95,Hong Kong,ูููุบ ูููุบ SAR,+852,HKD,HK,HKG,0,0,๐ญ๐ฐ,0,"2022-12-22 05:58:37","2022-12-22 05:58:37"
96,Hungary,ุงููุฌุฑ,+36,HUF,HU,HUN,0,0,๐ญ๐บ,0,"2022-12-22 05:58:37","2022-12-22 05:58:37"
97,Iceland,ุฃูุณููุฏุง,+354,ISK,IS,ISL,0,0,๐ฎ๐ธ,0,"2022-12-22 05:58:37","2022-12-22 05:58:37"
98,India,ุงูููุฏ,+91,INR,IN,IND,0,0,๐ฎ๐ณ,0,"2022-12-22 05:58:37","2022-12-22 05:58:37"
99,Indonesia,ุฅูุฏูููุณูุง,+62,IDR,ID,IDN,0,0,๐ฎ๐ฉ,0,"2022-12-22 05:58:37","2022-12-22 05:58:37"
100,Iran,ุฅูุฑุงู,+98,IRR,IR,IRN,0,0,๐ฎ๐ท,0,"2022-12-22 05:58:37","2022-12-22 05:58:37"
101,Iraq,ุงูุนุฑุงู,+964,IQD,IQ,IRQ,1,0,๐ฎ๐ถ,6,"2022-12-22 05:58:37","2022-12-22 05:58:37"
102,Ireland,ุฃูุฑููุฏุง,+353,EUR,IE,IRL,0,0,๐ฎ๐ช,0,"2022-12-22 05:58:37","2022-12-22 05:58:37"
103,Isle of Man,ุฌุฒูุฑุฉ ูุงู,+44,GBP,IM,IMN,0,0,๐ฎ๐ฒ,0,"2022-12-22 05:58:37","2022-12-22 05:58:37"
104,Palestine,ููุณุทูู,+970,ILS,PS,PSE,1,0,๐ต๐ธ,7,"2022-12-22 05:58:37","2022-12-22 05:58:37"
105,Israel,ุฅุณุฑุงุฆูู,+972,ILS,IL,ISR,0,0,๐ฎ๐ฑ,0,"2022-12-22 05:58:37","2022-12-22 05:58:37"
106,Italy,ุฅูุทุงููุง,+39,EUR,IT,ITA,0,0,๐ฎ๐น,0,"2022-12-22 05:58:37","2022-12-22 05:58:37"
107,Ivory Coast,ููุช ุฏูููุงุฑ,+225,XOF,CI,CIV,0,0,๐จ๐ฎ,0,"2022-12-22 05:58:37","2022-12-22 05:58:37"
108,Jamaica,ุฌุงูุงููุง,+1876,JMD,JM,JAM,0,0,๐ฏ๐ฒ,0,"2022-12-22 05:58:37","2022-12-22 05:58:37"
109,Jersey,ุฌูุฑุณู,+44,GBP,JE,JEY,0,0,๐ฏ๐ช,0,"2022-12-22 05:58:37","2022-12-22 05:58:37"
110,Japan,ุงููุงุจุงู,+81,JPY,JP,JPN,0,0,๐ฏ๐ต,0,"2022-12-22 05:58:37","2022-12-22 05:58:37"
111,Kazakhstan,ูุงุฒุงุฎุณุชุงู,+7,KZT,KZ,KAZ,0,0,๐ฐ๐ฟ,0,"2022-12-22 05:58:37","2022-12-22 05:58:37"
112,Kenya,ููููุง,+254,KES,KE,KEN,0,0,๐ฐ๐ช,0,"2022-12-22 05:58:37","2022-12-22 05:58:37"
113,Kiribati,ููุฑูุจุงุชู,+686,AUD,KI,KIR,0,0,๐ฐ๐ฎ,0,"2022-12-22 05:58:37","2022-12-22 05:58:37"
114,North Korea,ููุฑูุง ุงูุดูุงููุฉ,+850,KPW,KP,PRK,0,0,๐ฐ๐ต,0,"2022-12-22 05:58:37","2022-12-22 05:58:37"
115,Kosovo,ููุณููู,+383,EUR,XK,XKX,0,0,๐ฝ๐ฐ,0,"2022-12-22 05:58:37","2022-12-22 05:58:37"
116,Kuwait,ุงููููุช,+965,KWD,KW,KWT,1,0,๐ฐ๐ผ,21,"2022-12-22 05:58:37","2022-12-22 05:58:37"
117,Kyrgyzstan,ููุฑููุฒุณุชุงู,+996,KGS,KG,KGZ,0,0,๐ฐ๐ฌ,0,"2022-12-22 05:58:37","2022-12-22 05:58:37"
118,Laos,ูุงูุณ,+856,LAK,LA,LAO,0,0,๐ฑ๐ฆ,0,"2022-12-22 05:58:37","2022-12-22 05:58:37"
119,Latvia,ูุงุชููุง,+371,EUR,LV,LVA,0,0,๐ฑ๐ป,0,"2022-12-22 05:58:37","2022-12-22 05:58:37"
120,Lebanon,ูุจูุงู,+961,LBP,LB,LBN,1,0,๐ฑ๐ง,5,"2022-12-22 05:58:37","2022-12-22 05:58:37"
121,Lesotho,ููุณูุชู,+266,LSL,LS,LSO,0,0,๐ฑ๐ธ,0,"2022-12-22 05:58:37","2022-12-22 05:58:37"
122,Liberia,ููุจูุฑูุง,+231,LRD,LR,LBR,0,0,๐ฑ๐ท,0,"2022-12-22 05:58:37","2022-12-22 05:58:37"
123,Libya,ููุจูุง,+218,LYD,LY,LBY,1,0,๐ฑ๐พ,11,"2022-12-22 05:58:37","2022-12-22 05:58:37"
124,Liechtenstein,ูุฎุชูุดุชุงูู,+423,CHF,LI,LIE,0,0,๐ฑ๐ฎ,0,"2022-12-22 05:58:37","2022-12-22 05:58:37"
125,Luxembourg,ูููุณูุจูุฑุฌ,+352,EUR,LU,LUX,0,0,๐ฑ๐บ,0,"2022-12-22 05:58:37","2022-12-22 05:58:37"
126,Macedonia,ููุฏูููุง,+389,MKD,MK,MKD,0,0,๐ฒ๐ฐ,0,"2022-12-22 05:58:37","2022-12-22 05:58:37"
127,Madagascar,ูุฏุบุดูุฑ,+261,MGA,MG,MDG,0,0,๐ฒ๐ฌ,0,"2022-12-22 05:58:37","2022-12-22 05:58:37"
128,Marshall Islands,ุฌุฒุฑ ูุงุฑุดุงู,+692,USD,MH,MHL,0,0,๐ฒ๐ญ,0,"2022-12-22 05:58:37","2022-12-22 05:58:37"
129,Macau,ูุงูุงู,+853,MOP,MO,MAC,0,0,๐ฒ๐ด,0,"2022-12-22 05:58:37","2022-12-22 05:58:37"
130,Malawi,ูุงูุงูู,+265,MWK,MW,MWI,0,0,๐ฒ๐ผ,0,"2022-12-22 05:58:37","2022-12-22 05:58:37"
131,Malaysia,ูุงููุฒูุง,+60,MYR,MY,MYS,0,0,๐ฒ๐พ,0,"2022-12-22 05:58:37","2022-12-22 05:58:37"
132,Maldives,ุฌุฒุฑ ุงููุงูุฏูู,+960,MVR,MV,MDV,0,0,๐ฒ๐ป,0,"2022-12-22 05:58:37","2022-12-22 05:58:37"
133,Mali,ูุงูู,+223,XOF,ML,MLI,0,0,๐ฒ๐ฑ,0,"2022-12-22 05:58:37","2022-12-22 05:58:37"
134,Malta,ูุงูุทุง,+356,EUR,MT,MLT,0,0,๐ฒ๐น,0,"2022-12-22 05:58:37","2022-12-22 05:58:37"
135,Martinique,ูุงุฑุชูููู,+596,EUR,MQ,MTQ,0,0,๐ฒ๐ถ,0,"2022-12-22 05:58:37","2022-12-22 05:58:37"
136,Mauritania,ููุฑูุชุงููุง,+222,MRO,MR,MRT,1,0,๐ฒ๐ท,15,"2022-12-22 05:58:37","2022-12-22 05:58:37"
137,Mauritius,ููุฑูุดููุณ,+230,MUR,MU,MUS,0,0,๐ฒ๐บ,0,"2022-12-22 05:58:37","2022-12-22 05:58:37"
138,Mayotte,ูุงููุช,+262,EUR,YT,MYT,0,0,๐พ๐น,0,"2022-12-22 05:58:37","2022-12-22 05:58:37"
139,Mexico,ุงูููุณูู,+52,MXN,MX,MEX,0,0,๐ฒ๐ฝ,0,"2022-12-22 05:58:37","2022-12-22 05:58:37"
140,Moldova,ูููุฏููุง,+373,MDL,MD,MDA,0,0,๐ฒ๐ฉ,0,"2022-12-22 05:58:37","2022-12-22 05:58:37"
141,Mongolia,ููุบูููุง,+976,MNT,MN,MNG,0,0,๐ฒ๐ณ,0,"2022-12-22 05:58:37","2022-12-22 05:58:37"
142,Montenegro,ูููุชูููุบุฑู,+382,EUR,ME,MNE,0,0,๐ฒ๐ช,0,"2022-12-22 05:58:37","2022-12-22 05:58:37"
143,Monaco,ูููุงูู,+377,EUR,MC,MCO,0,0,๐ฒ๐จ,0,"2022-12-22 05:58:37","2022-12-22 05:58:37"
144,Montserrat,ูููุชุณูุฑุงุช,+1664,XCD,MS,MSR,0,0,๐ฒ๐ธ,0,"2022-12-22 05:58:37","2022-12-22 05:58:37"
145,Morocco,ุงููุบุฑุจ,+212,MAD,MA,MAR,1,0,๐ฒ๐ฆ,14,"2022-12-22 05:58:37","2022-12-22 05:58:37"
146,Mozambique,ููุฒูุจูู,+258,MZN,MZ,MOZ,0,0,๐ฒ๐ฟ,0,"2022-12-22 05:58:37","2022-12-22 05:58:37"
147,Namibia,ูุงููุจูุง,+264,NAD,NA,NAM,0,0,๐ณ๐ฆ,0,"2022-12-22 05:58:37","2022-12-22 05:58:37"
148,Nauru,ูุงูุฑู,+674,AUD,NR,NRU,0,0,๐ณ๐ท,0,"2022-12-22 05:58:37","2022-12-22 05:58:37"
149,Nepal,ููุจุงู,+977,NPR,NP,NPL,0,0,๐ณ๐ต,0,"2022-12-22 05:58:37","2022-12-22 05:58:37"
150,Netherlands,ููููุฏุง,+31,EUR,NL,NLD,0,0,๐ณ๐ฑ,0,"2022-12-22 05:58:37","2022-12-22 05:58:37"
151,New Caledonia,ูุงููุฏูููุง ุงูุฌุฏูุฏุฉ,+687,XPF,NC,NCL,0,0,๐ณ๐จ,0,"2022-12-22 05:58:37","2022-12-22 05:58:37"
152,New Zealand,ูููุฒูููุฏุง,+64,NZD,NZ,NZL,0,0,๐ณ๐ฟ,0,"2022-12-22 05:58:37","2022-12-22 05:58:37"
153,Nicaragua,ูููุงุฑุงุฌูุง,+505,NIO,NI,NIC,0,0,๐ณ๐ฎ,0,"2022-12-22 05:58:37","2022-12-22 05:58:37"
154,Niger,ุงูููุฌุฑ,+227,XOF,NE,NER,0,0,๐ณ๐ช,0,"2022-12-22 05:58:37","2022-12-22 05:58:37"
155,Nigeria,ููุฌูุฑูุง,+234,NGN,NG,NGA,0,0,๐ณ๐ฌ,0,"2022-12-22 05:58:37","2022-12-22 05:58:37"
156,Norway,ุงููุฑููุฌ,+47,NOK,NO,NOR,0,0,๐ณ๐ด,0,"2022-12-22 05:58:37","2022-12-22 05:58:37"
157,Niue,ูููุง,+683,NZD,NU,NIU,0,0,๐ณ๐บ,0,"2022-12-22 05:58:37","2022-12-22 05:58:37"
158,Norfolk Island,ุฌุฒูุฑุฉ ููุฑููู,+672,AUD,NF,NFK,0,0,๐ณ๐ซ,0,"2022-12-22 05:58:37","2022-12-22 05:58:37"
159,Northern Mariana Islands,ุฌุฒุฑ ูุงุฑูุงูุง ุงูุดูุงููุฉ,+1670,USD,MP,MNP,0,0,๐ฒ๐ต,0,"2022-12-22 05:58:37","2022-12-22 05:58:37"
160,Oman,ุนูุงู,+968,OMR,OM,OMN,1,1,๐ด๐ฒ,17,"2022-12-22 05:58:37","2022-12-22 05:58:37"
161,Pakistan,ุจุงูุณุชุงู,+92,PKR,PK,PAK,0,0,๐ต๐ฐ,0,"2022-12-22 05:58:37","2022-12-22 05:58:37"
162,Pitcairn,ุฌุฒุฑ ุงูุจุชูุงุฑูู,+870,NZD,PN,PCN,0,0,๐ต๐ณ,0,"2022-12-22 05:58:37","2022-12-22 05:58:37"
163,Palau,ุจุงูุงู,+680,USD,PW,PLW,0,0,๐ต๐ผ,0,"2022-12-22 05:58:37","2022-12-22 05:58:37"
164,Panama,ุจููุง,+507,PAB,PA,PAN,0,0,๐ต๐ฆ,0,"2022-12-22 05:58:37","2022-12-22 05:58:37"
165,Papua New Guinea,ุจุงุจูุง-ุบูููุง ุงูุฌุฏูุฏุฉ,+675,PGK,PG,PNG,0,0,๐ต๐ฌ,0,"2022-12-22 05:58:37","2022-12-22 05:58:37"
166,Paraguay,ุจุงุฑุงุฌูุงู,+595,PYG,PY,PRY,0,0,๐ต๐พ,0,"2022-12-22 05:58:37","2022-12-22 05:58:37"
167,Peru,ุจูุฑู,+51,PEN,PE,PER,0,0,๐ต๐ช,0,"2022-12-22 05:58:37","2022-12-22 05:58:37"
168,Philippines,ุงูููุจูู,+63,PHP,PH,PHL,0,0,๐ต๐ญ,0,"2022-12-22 05:58:37","2022-12-22 05:58:37"
169,Poland,ุจูููุฏุง,+48,PLN,PL,POL,0,0,๐ต๐ฑ,0,"2022-12-22 05:58:37","2022-12-22 05:58:37"
170,Portugal,ุงูุจุฑุชุบุงู,+351,EUR,PT,PRT,0,0,๐ต๐น,0,"2022-12-22 05:58:37","2022-12-22 05:58:37"
171,Puerto Rico,ุจูุฑุชู ุฑููู,+1939,USD,PR,PRI,0,0,๐ต๐ท,0,"2022-12-22 05:58:37","2022-12-22 05:58:37"
172,South Korea,ููุฑูุง,+82,KRW,KR,KOR,0,0,๐ฐ๐ท,0,"2022-12-22 05:58:37","2022-12-22 05:58:37"
173,Lithuania,ููุชูุงููุง,+370,LTL,LT,LTU,0,0,๐ฑ๐น,0,"2022-12-22 05:58:37","2022-12-22 05:58:37"
174,Qatar,ูุทุฑ,+974,QAR,QA,QAT,1,1,๐ถ๐ฆ,19,"2022-12-22 05:58:37","2022-12-22 05:58:37"
175,Romania,ุฑููุงููุง,+40,RON,RO,ROU,0,0,๐ท๐ด,0,"2022-12-22 05:58:37","2022-12-22 05:58:37"
176,Russia,ุฑูุณูุง,+7,RUB,RU,RUS,0,0,๐ท๐บ,0,"2022-12-22 05:58:37","2022-12-22 05:58:37"
177,Rwanda,ุฑูุงูุฏุง,+250,RWF,RW,RWA,0,0,๐ท๐ผ,0,"2022-12-22 05:58:37","2022-12-22 05:58:37"
178,Rรฉunion,ุฑูููููู,+262,EUR,RE,REU,0,0,๐ท๐ช,0,"2022-12-22 05:58:37","2022-12-22 05:58:37"
179,Samoa,ุณุงููุง,+685,WST,WS,WSM,0,0,๐ผ๐ธ,0,"2022-12-22 05:58:37","2022-12-22 05:58:37"
180,Saint Lucia,ุณุงูุช ููุดูุง,+1758,XCD,LC,LCA,0,0,๐ฑ๐จ,0,"2022-12-22 05:58:37","2022-12-22 05:58:37"
181,San Marino,ุณุงู ูุงุฑููู,+378,EUR,SM,SMR,0,0,๐ธ๐ฒ,0,"2022-12-22 05:58:37","2022-12-22 05:58:37"
182,Saint Kitts and Nevis,ุณุงูุช ููุชุณ ูููููุณ,+1869,XCD,KN,KNA,0,0,๐ฐ๐ณ,0,"2022-12-22 05:58:37","2022-12-22 05:58:37"
183,Saint Pierre and Miquelon,ุณุงูุช ุจููุฑ ูููููููู,+508,EUR,PM,SPM,0,0,๐ต๐ฒ,0,"2022-12-22 05:58:37","2022-12-22 05:58:37"
184,Saint Vincent and the Grenadines,ุณุงูุช ูููุณูุช ูุฌุฑููุงุฏููุฒ,+1784,XCD,VC,VCT,0,0,๐ป๐จ,0,"2022-12-22 05:58:37","2022-12-22 05:58:37"
185,Saudi Arabia,ุงูุณุนูุฏูุฉ,+966,SAR,SA,SAU,1,1,๐ธ๐ฆ,22,"2022-12-22 05:58:37","2022-12-22 05:58:37"
186,Senegal,ุงูุณูุบุงู,+221,XOF,SN,SEN,0,0,๐ธ๐ณ,0,"2022-12-22 05:58:37","2022-12-22 05:58:37"
187,South Georgia and the South Sandwich Islands,ุฌูุฑุฌูุง ุงูุฌููุจูุฉ ูุฌุฒุฑ ุณุงูุฏููุชุด ุงูุฌููุจูุฉ,+500,GBP,GS,SGS,0,0,๐ฌ๐ธ,0,"2022-12-22 05:58:37","2022-12-22 05:58:37"
188,Sao Tome and Principe,ุณุงูุชููุงู ูุจุฑููุณูุจุง,+239,STD,ST,STP,0,0,๐ธ๐น,0,"2022-12-22 05:58:37","2022-12-22 05:58:37"
189,Sierra Leone,ุณูุฑุงูููู,+232,SLL,SL,SLE,0,0,๐ธ๐ฑ,0,"2022-12-22 05:58:37","2022-12-22 05:58:37"
190,Serbia,ุตุฑุจูุง,+381,RSD,RS,SRB,0,0,๐ท๐ธ,0,"2022-12-22 05:58:37","2022-12-22 05:58:37"
191,Seychelles,ุณูุดู,+248,SCR,SC,SYC,0,0,๐ธ๐จ,0,"2022-12-22 05:58:37","2022-12-22 05:58:37"
192,Singapore,ุณูุบุงููุฑุฉ,+65,SGD,SG,SGP,0,0,๐ธ๐ฌ,0,"2022-12-22 05:58:37","2022-12-22 05:58:37"
193,Slovakia,ุณูููุงููุง,+421,EUR,SK,SVK,0,0,๐ธ๐ฐ,0,"2022-12-22 05:58:37","2022-12-22 05:58:37"
194,Slovenia,ุณููููููุง,+386,EUR,SI,SVN,0,0,๐ธ๐ฎ,0,"2022-12-22 05:58:37","2022-12-22 05:58:37"
195,Solomon Islands,ุฌุฒุฑ ุณูููููู,+677,SBD,SB,SLB,0,0,๐ธ๐ง,0,"2022-12-22 05:58:37","2022-12-22 05:58:37"
196,Somalia,ุงูุตููุงู,+252,SOS,SO,SOM,1,0,๐ธ๐ด,9,"2022-12-22 05:58:37","2022-12-22 05:58:37"
197,South Africa,ุฌููุจ ุฃูุฑูููุง,+27,ZAR,ZA,ZAF,0,0,๐ฟ๐ฆ,0,"2022-12-22 05:58:37","2022-12-22 05:58:37"
198,Spain,ุฃุณุจุงููุง,+34,EUR,ES,ESP,0,0,๐ช๐ธ,0,"2022-12-22 05:58:37","2022-12-22 05:58:37"
199,Sri Lanka,ุณูุฑููุงููุง,+94,LKR,LK,LKA,0,0,๐ฑ๐ฐ,0,"2022-12-22 05:58:37","2022-12-22 05:58:37"
200,Sudan,ุงูุณูุฏุงู,+249,SDG,SD,SDN,1,0,๐ธ๐ฉ,10,"2022-12-22 05:58:37","2022-12-22 05:58:37"
201,Suriname,ุณูุฑููุงู,+597,SRD,SR,SUR,0,0,๐ธ๐ท,0,"2022-12-22 05:58:37","2022-12-22 05:58:37"
202,Swaziland,ุณูุงุฒููุงูุฏ,+268,SZL,SZ,SWZ,0,0,๐ธ๐ฟ,0,"2022-12-22 05:58:37","2022-12-22 05:58:37"
203,Sweden,ุงูุณููุฏ,+46,SEK,SE,SWE,0,0,๐ธ๐ช,0,"2022-12-22 05:58:37","2022-12-22 05:58:37"
204,Switzerland,ุณููุณุฑุง,+41,CHF,CH,CHE,0,0,๐จ๐ญ,0,"2022-12-22 05:58:37","2022-12-22 05:58:37"
205,Syria,ุณูุฑูุง,+963,SYP,SY,SYR,1,0,๐ธ๐พ,8,"2022-12-22 05:58:37","2022-12-22 05:58:37"
206,Taiwan,ุชุงููุงู,+886,TWD,TW,TWN,0,0,๐น๐ผ,0,"2022-12-22 05:58:37","2022-12-22 05:58:37"
207,Tanzania,ุชูุฒุงููุง,+255,TZS,TZ,TZA,0,0,๐น๐ฟ,0,"2022-12-22 05:58:37","2022-12-22 05:58:37"
208,Thailand,ุชุงููุงูุฏ,+66,THB,TH,THA,0,0,๐น๐ญ,0,"2022-12-22 05:58:37","2022-12-22 05:58:37"
209,Togo,ุชูุฌู,+228,XOF,TG,TGO,0,0,๐น๐ฌ,0,"2022-12-22 05:58:37","2022-12-22 05:58:37"
210,Tonga,ุชููุฌุง,+676,TOP,TO,TON,0,0,๐น๐ด,0,"2022-12-22 05:58:37","2022-12-22 05:58:37"
211,Trinidad and Tobago,ุชุฑูููุฏุงุฏ ูุชูุจุงุฌู,+1868,TTD,TT,TTO,0,0,๐น๐น,0,"2022-12-22 05:58:37","2022-12-22 05:58:37"
212,Tunisia,ุชููุณ,+216,TND,TN,TUN,1,0,๐น๐ณ,12,"2022-12-22 05:58:37","2022-12-22 05:58:37"
213,Turkey,ุชุฑููุง,+90,TRY,TR,TUR,0,0,๐น๐ท,0,"2022-12-22 05:58:37","2022-12-22 05:58:37"
214,Turkmenistan,ุชุฑููุงูุณุชุงู,+993,TMT,TM,TKM,0,0,๐น๐ฒ,0,"2022-12-22 05:58:37","2022-12-22 05:58:37"
215,Uganda,ุฃูุบูุฏุง,+256,UGX,UG,UGA,0,0,๐บ๐ฌ,0,"2022-12-22 05:58:37","2022-12-22 05:58:37"
216,Ukraine,ุฃููุฑุงููุง,+380,UAH,UA,UKR,0,0,๐บ๐ฆ,0,"2022-12-22 05:58:37","2022-12-22 05:58:37"
217,United Arab Emirates,ุงูุฅูุงุฑุงุช,+971,AED,AE,ARE,1,1,๐ฆ๐ช,18,"2022-12-22 05:58:37","2022-12-22 05:58:37"
218,United Kingdom,ุงูููููุฉ ุงููุชุญุฏุฉ,+44,GBP,GB,GBR,0,0,๐ฌ๐ง,0,"2022-12-22 05:58:37","2022-12-22 05:58:37"
219,United States,ุงูููุงูุงุช ุงููุชุญุฏุฉ,+1,USD,US,USA,0,0,๐บ๐ธ,0,"2022-12-22 05:58:37","2022-12-22 05:58:37"
1,Afghanistan,ุฃูุบุงูุณุชุงู,+93,AFN,AF,AFG,0,0,๐ฆ๐ซ,0,"2022-12-22 05:58:37","2022-12-22 05:58:37"
2,Albania,ุฃูุจุงููุง,+355,ALL,AL,ALB,0,0,๐ฆ๐ฑ,0,"2022-12-22 05:58:37","2022-12-22 05:58:37"
3,Algeria,ุงูุฌุฒุงุฆุฑ,+213,DZD,DZ,DZA,1,0,๐ฉ๐ฟ,13,"2022-12-22 05:58:37","2022-12-22 05:58:37"
4,Andorra,ุฃูุฏูุฑุง,+376,EUR,AD,AND,0,0,๐ฆ๐ฉ,0,"2022-12-22 05:58:37","2022-12-22 05:58:37"
5,Angola,ุฃูุบููุง,+244,AOA,AO,AGO,0,0,๐ฆ๐ด,0,"2022-12-22 05:58:37","2022-12-22 05:58:37"
6,Anguilla,ุฃูุบูููุง,+1264,XCD,AI,AIA,0,0,๐ฆ๐ฎ,0,"2022-12-22 05:58:37","2022-12-22 05:58:37"
7,Antigua and Barbuda,ุฃูุชูุบูุง ูุจุฑุจูุฏุง,+1268,XCD,AG,ATG,0,0,๐ฆ๐ฌ,0,"2022-12-22 05:58:37","2022-12-22 05:58:37"
8,Argentina,ุงูุฃุฑุฌูุชูู,+54,ARS,AR,ARG,0,0,๐ฆ๐ท,0,"2022-12-22 05:58:37","2022-12-22 05:58:37"
9,Armenia,ุฃุฑููููุง,+374,AMD,AM,ARM,0,0,๐ฆ๐ฒ,0,"2022-12-22 05:58:37","2022-12-22 05:58:37"
10,Aruba,ุฃุฑูุจุง,+297,AWG,AW,ABW,0,0,๐ฆ๐ผ,0,"2022-12-22 05:58:37","2022-12-22 05:58:37"
11,Australia,ุฃุณุชุฑุงููุง,+61,AUD,AU,AUS,0,0,๐ฆ๐บ,0,"2022-12-22 05:58:37","2022-12-22 05:58:37"
12,Austria,ุงูููุณุง,+43,EUR,AT,AUT,0,0,๐ฆ๐น,0,"2022-12-22 05:58:37","2022-12-22 05:58:37"
13,Azerbaijan,ุฃุฐุฑุจูุฌุงู,+994,AZN,AZ,AZE,0,0,๐ฆ๐ฟ,0,"2022-12-22 05:58:37","2022-12-22 05:58:37"
14,Bahamas,ุฌุฒุฑ ุงูุจูุงูุง,+1242,BSD,BS,BHS,0,0,๐ง๐ธ,0,"2022-12-22 05:58:37","2022-12-22 05:58:37"
15,Bahrain,ุงูุจุญุฑูู,+973,BHD,BH,BHR,1,1,๐ง๐ญ,20,"2022-12-22 05:58:37","2022-12-22 05:58:37"
16,Bangladesh,ุจูุฌูุงุฏูุด,+880,BDT,BD,BGD,0,0,๐ง๐ฉ,0,"2022-12-22 05:58:37","2022-12-22 05:58:37"
17,Barbados,ุจุงุฑุจุงุฏูุณ,+1246,BBD,BB,BRB,0,0,๐ง๐ง,0,"2022-12-22 05:58:37","2022-12-22 05:58:37"
18,Belarus,ุจููุงุฑูุณ,+375,BYR,BY,BLR,0,0,๐ง๐พ,0,"2022-12-22 05:58:37","2022-12-22 05:58:37"
19,Belgium,ุจูุฌููุง,+32,EUR,BE,BEL,0,0,๐ง๐ช,0,"2022-12-22 05:58:37","2022-12-22 05:58:37"
20,Belize,ุจูููุฒ,+501,BZD,BZ,BLZ,0,0,๐ง๐ฟ,0,"2022-12-22 05:58:37","2022-12-22 05:58:37"
21,Benin,ุจููู,+229,XOF,BJ,BEN,0,0,๐ง๐ฏ,0,"2022-12-22 05:58:37","2022-12-22 05:58:37"
22,Bermuda,ุจุฑููุฏุง,+1441,BMD,BM,BMU,0,0,๐ง๐ฒ,0,"2022-12-22 05:58:37","2022-12-22 05:58:37"
23,Bhutan,ุจูุชุงู,+975,BTN,BT,BTN,0,0,๐ง๐น,0,"2022-12-22 05:58:37","2022-12-22 05:58:37"
24,Bolivia,ุจูููููุง,+591,BOB,BO,BOL,0,0,๐ง๐ด,0,"2022-12-22 05:58:37","2022-12-22 05:58:37"
25,Bosnia and Herzegovina,ุงูุจูุณูุฉ ูุงููุฑุณู,+387,BAM,BA,BIH,0,0,๐ง๐ฆ,0,"2022-12-22 05:58:37","2022-12-22 05:58:37"
26,Botswana,ุจูุชุณูุงูุง,+267,BWP,BW,BWA,0,0,๐ง๐ผ,0,"2022-12-22 05:58:37","2022-12-22 05:58:37"
27,Brazil,ุงูุจุฑุงุฒูู,+55,BRL,BR,BRA,0,0,๐ง๐ท,0,"2022-12-22 05:58:37","2022-12-22 05:58:37"
28,British Indian Ocean Territory,ุฅูููู ุงููุญูุท ุงูููุฏู ุงูุจุฑูุทุงูู,+246,USD,IO,IOT,0,0,๐ฎ๐ด,0,"2022-12-22 05:58:37","2022-12-22 05:58:37"
29,Brunei,ุจุฑููุงู,+673,BND,BN,BRN,0,0,๐ง๐ณ,0,"2022-12-22 05:58:37","2022-12-22 05:58:37"
30,Bulgaria,ุจูุบุงุฑูุง,+359,BGN,BG,BGR,0,0,๐ง๐ฌ,0,"2022-12-22 05:58:37","2022-12-22 05:58:37"
31,Burkina Faso,ุจูุฑูููุง ูุงุณู,+226,XOF,BF,BFA,0,0,๐ง๐ซ,0,"2022-12-22 05:58:37","2022-12-22 05:58:37"
32,Myanmar,ููุงููุงุฑ,+95,MMK,MM,MMR,0,0,๐ฒ๐ฒ,0,"2022-12-22 05:58:37","2022-12-22 05:58:37"
33,Burundi,ุจูุฑููุฏู,+257,BIF,BI,BDI,0,0,๐ง๐ฎ,0,"2022-12-22 05:58:37","2022-12-22 05:58:37"
34,Cambodia,ูุงูุจูุฏูุง,+855,KHR,KH,KHM,0,0,๐ฐ๐ญ,0,"2022-12-22 05:58:37","2022-12-22 05:58:37"
35,Cameroon,ุงููุงููุฑูู,+237,XAF,CM,CMR,0,0,๐จ๐ฒ,0,"2022-12-22 05:58:37","2022-12-22 05:58:37"
36,Canada,ููุฏุง,+1,CAD,CA,CAN,0,0,๐จ๐ฆ,0,"2022-12-22 05:58:37","2022-12-22 05:58:37"
37,Cape Verde,ุงูุฑุฃุณ ุงูุฃุฎุถุฑ,+238,CVE,CV,CPV,0,0,๐จ๐ป,0,"2022-12-22 05:58:37","2022-12-22 05:58:37"
38,Cayman Islands,ุฌุฒุฑ ูุงููุงู,+1345,KYD,KY,CYM,0,0,๐ฐ๐พ,0,"2022-12-22 05:58:37","2022-12-22 05:58:37"
39,Central African Republic,ุฌูููุฑูุฉ ุฃูุฑูููุง ุงููุณุทู,+236,XAF,CF,CAF,0,0,๐จ๐ซ,0,"2022-12-22 05:58:37","2022-12-22 05:58:37"
40,Chad,ุชุดุงุฏ,+235,XAF,TD,TCD,0,0,๐น๐ฉ,0,"2022-12-22 05:58:37","2022-12-22 05:58:37"
41,Christmas Island,ุฌุฒูุฑุฉ ุงููุฑูุณูุงุณ,+61,AUD,CX,CXR,0,0,๐จ๐ฝ,0,"2022-12-22 05:58:37","2022-12-22 05:58:37"
42,Cocos (Keeling) Islands,ุฌุฒุฑ ุงูููููุณ (ููููู),+61,AUD,CC,CCK,0,0,๐จ๐จ,0,"2022-12-22 05:58:37","2022-12-22 05:58:37"
43,Cook Islands,ุฌุฒุฑ ููู,+682,NZD,CK,COK,0,0,๐จ๐ฐ,0,"2022-12-22 05:58:37","2022-12-22 05:58:37"
44,Chile,ุชุดููู,+56,CLP,CL,CHL,0,0,๐จ๐ฑ,0,"2022-12-22 05:58:37","2022-12-22 05:58:37"
45,China,ุงูุตูู,+86,CNY,CN,CHN,0,0,๐จ๐ณ,0,"2022-12-22 05:58:37","2022-12-22 05:58:37"
46,Colombia,ูููููุจูุง,+57,COP,CO,COL,0,0,๐จ๐ด,0,"2022-12-22 05:58:37","2022-12-22 05:58:37"
47,Comoros,ุฌุฒุฑ ุงูููุฑ,+269,KMF,KM,COM,0,0,๐ฐ๐ฒ,0,"2022-12-22 05:58:37","2022-12-22 05:58:37"
48,Congo,ุงููููุบู,+242,XAF,CG,COG,0,0,๐จ๐ฌ,0,"2022-12-22 05:58:37","2022-12-22 05:58:37"
49,Costa Rica,ููุณุชุงุฑููุง,+506,CRC,CR,CRI,0,0,๐จ๐ท,0,"2022-12-22 05:58:37","2022-12-22 05:58:37"
50,Croatia,ูุฑูุงุชูุง,+385,HRK,HR,HRV,0,0,๐ญ๐ท,0,"2022-12-22 05:58:37","2022-12-22 05:58:37"
51,Cuba,ููุจุง,+53,CUP,CU,CUB,0,0,๐จ๐บ,0,"2022-12-22 05:58:37","2022-12-22 05:58:37"
52,Cyprus,ูุจุฑุต,+357,EUR,CY,CYP,0,0,๐จ๐พ,0,"2022-12-22 05:58:37","2022-12-22 05:58:37"
53,Czech Republic,ุฌูููุฑูุฉ ุงูุชุดูู,+420,CZK,CZ,CZE,0,0,๐จ๐ฟ,0,"2022-12-22 05:58:37","2022-12-22 05:58:37"
54,Denmark,ุงูุฏุงููุงุฑู,+45,DKK,DK,DNK,0,0,๐ฉ๐ฐ,0,"2022-12-22 05:58:37","2022-12-22 05:58:37"
55,Djibouti,ุฌูุจูุชู,+253,DJF,DJ,DJI,0,0,๐ฉ๐ฏ,0,"2022-12-22 05:58:37","2022-12-22 05:58:37"
56,Dominica,ุฏููููููุง,+1767,XCD,DM,DMA,0,0,๐ฉ๐ฒ,0,"2022-12-22 05:58:37","2022-12-22 05:58:37"
57,Dominican Republic,ุฌูููุฑูุฉ ุงูุฏููููููุงู,+1849,DOP,DO,DOM,0,0,๐ฉ๐ด,0,"2022-12-22 05:58:37","2022-12-22 05:58:37"
58,Timor-Leste,ุชูููุฑ ุงูุดุฑููุฉ,+670,USD,TL,TLS,0,0,๐น๐ฑ,0,"2022-12-22 05:58:37","2022-12-22 05:58:37"
59,Tokelau,ุชููููุงู,+690,NZD,TK,TKL,0,0,๐น๐ฐ,0,"2022-12-22 05:58:37","2022-12-22 05:58:37"
60,Turks and Caicos Islands,ุฌุฒุฑ ุชุฑูุณ ููุงูููุณ,+1649,USD,TC,TCA,0,0,๐น๐จ,0,"2022-12-22 05:58:37","2022-12-22 05:58:37"
61,Ecuador,ุฅููุงุฏูุฑ,+593,USD,EC,ECU,0,0,๐ช๐จ,0,"2022-12-22 05:58:37","2022-12-22 05:58:37"
62,Egypt,ูุตุฑ,+20,EGP,EG,EGY,1,0,๐ช๐ฌ,16,"2022-12-22 05:58:37","2022-12-22 05:58:37"
63,El Salvador,ุงูุณููุงุฏูุฑ,+503,USD,SV,SLV,0,0,๐ธ๐ป,0,"2022-12-22 05:58:37","2022-12-22 05:58:37"
64,Equatorial Guinea,ุบูููุง ุงูุงุณุชูุงุฆูุฉ,+240,XAF,GQ,GNQ,0,0,๐ฌ๐ถ,0,"2022-12-22 05:58:37","2022-12-22 05:58:37"
65,Eritrea,ุฅุฑูุชุฑูุง,+291,ERN,ER,ERI,0,0,๐ช๐ท,0,"2022-12-22 05:58:37","2022-12-22 05:58:37"
66,Estonia,ุฅุณุชูููุง,+372,EUR,EE,EST,0,0,๐ช๐ช,0,"2022-12-22 05:58:37","2022-12-22 05:58:37"
67,Ethiopia,ุฅุซููุจูุง,+251,ETB,ET,ETH,0,0,๐ช๐น,0,"2022-12-22 05:58:37","2022-12-22 05:58:37"
68,Faroe Islands,ุฌุฒุฑ ูุงูุฑู,+298,DKK,FO,FRO,0,0,๐ซ๐ด,0,"2022-12-22 05:58:37","2022-12-22 05:58:37"
69,Falkland Islands,ุฌุฒุฑ ููููุงูุฏ,+500,FKP,FK,FLK,0,0,๐ซ๐ฐ,0,"2022-12-22 05:58:37","2022-12-22 05:58:37"
70,Fiji,ุฌุฒุฑ ููุฌู,+679,FJD,FJ,FJI,0,0,๐ซ๐ฏ,0,"2022-12-22 05:58:37","2022-12-22 05:58:37"
71,Finland,ููููุฏุง,+358,EUR,FI,FIN,0,0,๐ซ๐ฎ,0,"2022-12-22 05:58:37","2022-12-22 05:58:37"
72,France,ูุฑูุณุง,+33,EUR,FR,FRA,0,0,๐ซ๐ท,0,"2022-12-22 05:58:37","2022-12-22 05:58:37"
73,French Polynesia,ุจููููุฒูุง ุงููุฑูุณูุฉ,+689,XPF,PF,PYF,0,0,๐ต๐ซ,0,"2022-12-22 05:58:37","2022-12-22 05:58:37"
74,Gabon,ุงูุฌุงุจูู,+241,XAF,GA,GAB,0,0,๐ฌ๐ฆ,0,"2022-12-22 05:58:37","2022-12-22 05:58:37"
75,Gambia,ุฌุงูุจูุง,+220,GMD,GM,GMB,0,0,๐ฌ๐ฒ,0,"2022-12-22 05:58:37","2022-12-22 05:58:37"
76,Georgia,ุฌูุฑุฌูุง,+995,GEL,GE,GEO,0,0,๐ฌ๐ช,0,"2022-12-22 05:58:37","2022-12-22 05:58:37"
77,Gibraltar,ุฌุจู ุทุงุฑู,+350,GIP,GI,GIB,0,0,๐ฌ๐ฎ,0,"2022-12-22 05:58:37","2022-12-22 05:58:37"
78,Germany,ุฃููุงููุง,+49,EUR,DE,DEU,0,0,๐ฉ๐ช,0,"2022-12-22 05:58:37","2022-12-22 05:58:37"
79,Ghana,ุบุงูุง,+233,GHS,GH,GHA,0,0,๐ฌ๐ญ,0,"2022-12-22 05:58:37","2022-12-22 05:58:37"
80,Greece,ุงููููุงู,+30,EUR,GR,GRC,0,0,๐ฌ๐ท,0,"2022-12-22 05:58:37","2022-12-22 05:58:37"
81,Greenland,ุฌุฑูููุงูุฏ,+299,DKK,GL,GRL,0,0,๐ฌ๐ฑ,0,"2022-12-22 05:58:37","2022-12-22 05:58:37"
82,Guadeloupe,ุฌูุงุฏูููุจ,+590,EUR,GP,GLP,0,0,๐ฌ๐ต,0,"2022-12-22 05:58:37","2022-12-22 05:58:37"
83,Grenada,ุบุฑููุงุฏุง,+1473,XCD,GD,GRD,0,0,๐ฌ๐ฉ,0,"2022-12-22 05:58:37","2022-12-22 05:58:37"
84,Guernsey,ุฌูุฑูุฒู,+44,GBP,GG,GGY,0,0,๐ฌ๐ฌ,0,"2022-12-22 05:58:37","2022-12-22 05:58:37"
85,Guatemala,ุฌูุงุชููุงูุง,+502,GTQ,GT,GTM,0,0,๐ฌ๐น,0,"2022-12-22 05:58:37","2022-12-22 05:58:37"
86,Guam,ุฌูุงู,+1671,USD,GU,GUM,0,0,๐ฌ๐บ,0,"2022-12-22 05:58:37","2022-12-22 05:58:37"
87,Guinea,ุบูููุง,+224,GNF,GN,GIN,0,0,๐ฌ๐ณ,0,"2022-12-22 05:58:37","2022-12-22 05:58:37"
88,Guinea-Bissau,ุบูููุง ุจูุณุงู,+245,XOF,GW,GNB,0,0,๐ฌ๐ผ,0,"2022-12-22 05:58:37","2022-12-22 05:58:37"
89,Guyana,ุฌูุงูุง,+592,GYD,GY,GUY,0,0,๐ฌ๐พ,0,"2022-12-22 05:58:37","2022-12-22 05:58:37"
90,Haiti,ูุงูุชู,+509,HTG,HT,HTI,0,0,๐ญ๐น,0,"2022-12-22 05:58:37","2022-12-22 05:58:37"
91,Heard Island and McDonald Islands,ุฌุฒูุฑุฉ ููุฑุฏ ูุฌุฒุฑ ูุงูุฏููุงูุฏ,+ ,AUD,HM,HMD,0,0,๐ญ๐ฒ,0,"2022-12-22 05:58:37","2022-12-22 05:58:37"
92,Jordan,ุงูุฃุฑุฏู,+962,JOD,JO,JOR,1,0,๐ฏ๐ด,4,"2022-12-22 05:58:37","2022-12-22 05:58:37"
93,Yemen,ุงูููู,+967,YER,YE,YEM,1,0,๐พ๐ช,3,"2022-12-22 05:58:37","2022-12-22 05:58:37"
94,Honduras,ููุฏูุฑุงุณ,+504,HNL,HN,HND,0,0,๐ญ๐ณ,0,"2022-12-22 05:58:37","2022-12-22 05:58:37"
95,Hong Kong,ูููุบ ูููุบ SAR,+852,HKD,HK,HKG,0,0,๐ญ๐ฐ,0,"2022-12-22 05:58:37","2022-12-22 05:58:37"
96,Hungary,ุงููุฌุฑ,+36,HUF,HU,HUN,0,0,๐ญ๐บ,0,"2022-12-22 05:58:37","2022-12-22 05:58:37"
97,Iceland,ุฃูุณููุฏุง,+354,ISK,IS,ISL,0,0,๐ฎ๐ธ,0,"2022-12-22 05:58:37","2022-12-22 05:58:37"
98,India,ุงูููุฏ,+91,INR,IN,IND,0,0,๐ฎ๐ณ,0,"2022-12-22 05:58:37","2022-12-22 05:58:37"
99,Indonesia,ุฅูุฏูููุณูุง,+62,IDR,ID,IDN,0,0,๐ฎ๐ฉ,0,"2022-12-22 05:58:37","2022-12-22 05:58:37"
100,Iran,ุฅูุฑุงู,+98,IRR,IR,IRN,0,0,๐ฎ๐ท,0,"2022-12-22 05:58:37","2022-12-22 05:58:37"
101,Iraq,ุงูุนุฑุงู,+964,IQD,IQ,IRQ,1,0,๐ฎ๐ถ,6,"2022-12-22 05:58:37","2022-12-22 05:58:37"
102,Ireland,ุฃูุฑููุฏุง,+353,EUR,IE,IRL,0,0,๐ฎ๐ช,0,"2022-12-22 05:58:37","2022-12-22 05:58:37"
103,Isle of Man,ุฌุฒูุฑุฉ ูุงู,+44,GBP,IM,IMN,0,0,๐ฎ๐ฒ,0,"2022-12-22 05:58:37","2022-12-22 05:58:37"
104,Palestine,ููุณุทูู,+970,ILS,PS,PSE,1,0,๐ต๐ธ,7,"2022-12-22 05:58:37","2022-12-22 05:58:37"
105,Israel,ุฅุณุฑุงุฆูู,+972,ILS,IL,ISR,0,0,๐ฎ๐ฑ,0,"2022-12-22 05:58:37","2022-12-22 05:58:37"
106,Italy,ุฅูุทุงููุง,+39,EUR,IT,ITA,0,0,๐ฎ๐น,0,"2022-12-22 05:58:37","2022-12-22 05:58:37"
107,Ivory Coast,ููุช ุฏูููุงุฑ,+225,XOF,CI,CIV,0,0,๐จ๐ฎ,0,"2022-12-22 05:58:37","2022-12-22 05:58:37"
108,Jamaica,ุฌุงูุงููุง,+1876,JMD,JM,JAM,0,0,๐ฏ๐ฒ,0,"2022-12-22 05:58:37","2022-12-22 05:58:37"
109,Jersey,ุฌูุฑุณู,+44,GBP,JE,JEY,0,0,๐ฏ๐ช,0,"2022-12-22 05:58:37","2022-12-22 05:58:37"
110,Japan,ุงููุงุจุงู,+81,JPY,JP,JPN,0,0,๐ฏ๐ต,0,"2022-12-22 05:58:37","2022-12-22 05:58:37"
111,Kazakhstan,ูุงุฒุงุฎุณุชุงู,+7,KZT,KZ,KAZ,0,0,๐ฐ๐ฟ,0,"2022-12-22 05:58:37","2022-12-22 05:58:37"
112,Kenya,ููููุง,+254,KES,KE,KEN,0,0,๐ฐ๐ช,0,"2022-12-22 05:58:37","2022-12-22 05:58:37"
113,Kiribati,ููุฑูุจุงุชู,+686,AUD,KI,KIR,0,0,๐ฐ๐ฎ,0,"2022-12-22 05:58:37","2022-12-22 05:58:37"
114,North Korea,ููุฑูุง ุงูุดูุงููุฉ,+850,KPW,KP,PRK,0,0,๐ฐ๐ต,0,"2022-12-22 05:58:37","2022-12-22 05:58:37"
115,Kosovo,ููุณููู,+383,EUR,XK,XKX,0,0,๐ฝ๐ฐ,0,"2022-12-22 05:58:37","2022-12-22 05:58:37"
116,Kuwait,ุงููููุช,+965,KWD,KW,KWT,1,0,๐ฐ๐ผ,21,"2022-12-22 05:58:37","2022-12-22 05:58:37"
117,Kyrgyzstan,ููุฑููุฒุณุชุงู,+996,KGS,KG,KGZ,0,0,๐ฐ๐ฌ,0,"2022-12-22 05:58:37","2022-12-22 05:58:37"
118,Laos,ูุงูุณ,+856,LAK,LA,LAO,0,0,๐ฑ๐ฆ,0,"2022-12-22 05:58:37","2022-12-22 05:58:37"
119,Latvia,ูุงุชููุง,+371,EUR,LV,LVA,0,0,๐ฑ๐ป,0,"2022-12-22 05:58:37","2022-12-22 05:58:37"
120,Lebanon,ูุจูุงู,+961,LBP,LB,LBN,1,0,๐ฑ๐ง,5,"2022-12-22 05:58:37","2022-12-22 05:58:37"
121,Lesotho,ููุณูุชู,+266,LSL,LS,LSO,0,0,๐ฑ๐ธ,0,"2022-12-22 05:58:37","2022-12-22 05:58:37"
122,Liberia,ููุจูุฑูุง,+231,LRD,LR,LBR,0,0,๐ฑ๐ท,0,"2022-12-22 05:58:37","2022-12-22 05:58:37"
123,Libya,ููุจูุง,+218,LYD,LY,LBY,1,0,๐ฑ๐พ,11,"2022-12-22 05:58:37","2022-12-22 05:58:37"
124,Liechtenstein,ูุฎุชูุดุชุงูู,+423,CHF,LI,LIE,0,0,๐ฑ๐ฎ,0,"2022-12-22 05:58:37","2022-12-22 05:58:37"
125,Luxembourg,ูููุณูุจูุฑุฌ,+352,EUR,LU,LUX,0,0,๐ฑ๐บ,0,"2022-12-22 05:58:37","2022-12-22 05:58:37"
126,Macedonia,ููุฏูููุง,+389,MKD,MK,MKD,0,0,๐ฒ๐ฐ,0,"2022-12-22 05:58:37","2022-12-22 05:58:37"
127,Madagascar,ูุฏุบุดูุฑ,+261,MGA,MG,MDG,0,0,๐ฒ๐ฌ,0,"2022-12-22 05:58:37","2022-12-22 05:58:37"
128,Marshall Islands,ุฌุฒุฑ ูุงุฑุดุงู,+692,USD,MH,MHL,0,0,๐ฒ๐ญ,0,"2022-12-22 05:58:37","2022-12-22 05:58:37"
129,Macau,ูุงูุงู,+853,MOP,MO,MAC,0,0,๐ฒ๐ด,0,"2022-12-22 05:58:37","2022-12-22 05:58:37"
130,Malawi,ูุงูุงูู,+265,MWK,MW,MWI,0,0,๐ฒ๐ผ,0,"2022-12-22 05:58:37","2022-12-22 05:58:37"
131,Malaysia,ูุงููุฒูุง,+60,MYR,MY,MYS,0,0,๐ฒ๐พ,0,"2022-12-22 05:58:37","2022-12-22 05:58:37"
132,Maldives,ุฌุฒุฑ ุงููุงูุฏูู,+960,MVR,MV,MDV,0,0,๐ฒ๐ป,0,"2022-12-22 05:58:37","2022-12-22 05:58:37"
133,Mali,ูุงูู,+223,XOF,ML,MLI,0,0,๐ฒ๐ฑ,0,"2022-12-22 05:58:37","2022-12-22 05:58:37"
134,Malta,ูุงูุทุง,+356,EUR,MT,MLT,0,0,๐ฒ๐น,0,"2022-12-22 05:58:37","2022-12-22 05:58:37"
135,Martinique,ูุงุฑุชูููู,+596,EUR,MQ,MTQ,0,0,๐ฒ๐ถ,0,"2022-12-22 05:58:37","2022-12-22 05:58:37"
136,Mauritania,ููุฑูุชุงููุง,+222,MRO,MR,MRT,1,0,๐ฒ๐ท,15,"2022-12-22 05:58:37","2022-12-22 05:58:37"
137,Mauritius,ููุฑูุดููุณ,+230,MUR,MU,MUS,0,0,๐ฒ๐บ,0,"2022-12-22 05:58:37","2022-12-22 05:58:37"
138,Mayotte,ูุงููุช,+262,EUR,YT,MYT,0,0,๐พ๐น,0,"2022-12-22 05:58:37","2022-12-22 05:58:37"
139,Mexico,ุงูููุณูู,+52,MXN,MX,MEX,0,0,๐ฒ๐ฝ,0,"2022-12-22 05:58:37","2022-12-22 05:58:37"
140,Moldova,ูููุฏููุง,+373,MDL,MD,MDA,0,0,๐ฒ๐ฉ,0,"2022-12-22 05:58:37","2022-12-22 05:58:37"
141,Mongolia,ููุบูููุง,+976,MNT,MN,MNG,0,0,๐ฒ๐ณ,0,"2022-12-22 05:58:37","2022-12-22 05:58:37"
142,Montenegro,ูููุชูููุบุฑู,+382,EUR,ME,MNE,0,0,๐ฒ๐ช,0,"2022-12-22 05:58:37","2022-12-22 05:58:37"
143,Monaco,ูููุงูู,+377,EUR,MC,MCO,0,0,๐ฒ๐จ,0,"2022-12-22 05:58:37","2022-12-22 05:58:37"
144,Montserrat,ูููุชุณูุฑุงุช,+1664,XCD,MS,MSR,0,0,๐ฒ๐ธ,0,"2022-12-22 05:58:37","2022-12-22 05:58:37"
145,Morocco,ุงููุบุฑุจ,+212,MAD,MA,MAR,1,0,๐ฒ๐ฆ,14,"2022-12-22 05:58:37","2022-12-22 05:58:37"
146,Mozambique,ููุฒูุจูู,+258,MZN,MZ,MOZ,0,0,๐ฒ๐ฟ,0,"2022-12-22 05:58:37","2022-12-22 05:58:37"
147,Namibia,ูุงููุจูุง,+264,NAD,NA,NAM,0,0,๐ณ๐ฆ,0,"2022-12-22 05:58:37","2022-12-22 05:58:37"
148,Nauru,ูุงูุฑู,+674,AUD,NR,NRU,0,0,๐ณ๐ท,0,"2022-12-22 05:58:37","2022-12-22 05:58:37"
149,Nepal,ููุจุงู,+977,NPR,NP,NPL,0,0,๐ณ๐ต,0,"2022-12-22 05:58:37","2022-12-22 05:58:37"
150,Netherlands,ููููุฏุง,+31,EUR,NL,NLD,0,0,๐ณ๐ฑ,0,"2022-12-22 05:58:37","2022-12-22 05:58:37"
151,New Caledonia,ูุงููุฏูููุง ุงูุฌุฏูุฏุฉ,+687,XPF,NC,NCL,0,0,๐ณ๐จ,0,"2022-12-22 05:58:37","2022-12-22 05:58:37"
152,New Zealand,ูููุฒูููุฏุง,+64,NZD,NZ,NZL,0,0,๐ณ๐ฟ,0,"2022-12-22 05:58:37","2022-12-22 05:58:37"
153,Nicaragua,ูููุงุฑุงุฌูุง,+505,NIO,NI,NIC,0,0,๐ณ๐ฎ,0,"2022-12-22 05:58:37","2022-12-22 05:58:37"
154,Niger,ุงูููุฌุฑ,+227,XOF,NE,NER,0,0,๐ณ๐ช,0,"2022-12-22 05:58:37","2022-12-22 05:58:37"
155,Nigeria,ููุฌูุฑูุง,+234,NGN,NG,NGA,0,0,๐ณ๐ฌ,0,"2022-12-22 05:58:37","2022-12-22 05:58:37"
156,Norway,ุงููุฑููุฌ,+47,NOK,NO,NOR,0,0,๐ณ๐ด,0,"2022-12-22 05:58:37","2022-12-22 05:58:37"
157,Niue,ูููุง,+683,NZD,NU,NIU,0,0,๐ณ๐บ,0,"2022-12-22 05:58:37","2022-12-22 05:58:37"
158,Norfolk Island,ุฌุฒูุฑุฉ ููุฑููู,+672,AUD,NF,NFK,0,0,๐ณ๐ซ,0,"2022-12-22 05:58:37","2022-12-22 05:58:37"
159,Northern Mariana Islands,ุฌุฒุฑ ูุงุฑูุงูุง ุงูุดูุงููุฉ,+1670,USD,MP,MNP,0,0,๐ฒ๐ต,0,"2022-12-22 05:58:37","2022-12-22 05:58:37"
160,Oman,ุนูุงู,+968,OMR,OM,OMN,1,1,๐ด๐ฒ,17,"2022-12-22 05:58:37","2022-12-22 05:58:37"
161,Pakistan,ุจุงูุณุชุงู,+92,PKR,PK,PAK,0,0,๐ต๐ฐ,0,"2022-12-22 05:58:37","2022-12-22 05:58:37"
162,Pitcairn,ุฌุฒุฑ ุงูุจุชูุงุฑูู,+870,NZD,PN,PCN,0,0,๐ต๐ณ,0,"2022-12-22 05:58:37","2022-12-22 05:58:37"
163,Palau,ุจุงูุงู,+680,USD,PW,PLW,0,0,๐ต๐ผ,0,"2022-12-22 05:58:37","2022-12-22 05:58:37"
164,Panama,ุจููุง,+507,PAB,PA,PAN,0,0,๐ต๐ฆ,0,"2022-12-22 05:58:37","2022-12-22 05:58:37"
165,Papua New Guinea,ุจุงุจูุง-ุบูููุง ุงูุฌุฏูุฏุฉ,+675,PGK,PG,PNG,0,0,๐ต๐ฌ,0,"2022-12-22 05:58:37","2022-12-22 05:58:37"
166,Paraguay,ุจุงุฑุงุฌูุงู,+595,PYG,PY,PRY,0,0,๐ต๐พ,0,"2022-12-22 05:58:37","2022-12-22 05:58:37"
167,Peru,ุจูุฑู,+51,PEN,PE,PER,0,0,๐ต๐ช,0,"2022-12-22 05:58:37","2022-12-22 05:58:37"
168,Philippines,ุงูููุจูู,+63,PHP,PH,PHL,0,0,๐ต๐ญ,0,"2022-12-22 05:58:37","2022-12-22 05:58:37"
169,Poland,ุจูููุฏุง,+48,PLN,PL,POL,0,0,๐ต๐ฑ,0,"2022-12-22 05:58:37","2022-12-22 05:58:37"
170,Portugal,ุงูุจุฑุชุบุงู,+351,EUR,PT,PRT,0,0,๐ต๐น,0,"2022-12-22 05:58:37","2022-12-22 05:58:37"
171,Puerto Rico,ุจูุฑุชู ุฑููู,+1939,USD,PR,PRI,0,0,๐ต๐ท,0,"2022-12-22 05:58:37","2022-12-22 05:58:37"
172,South Korea,ููุฑูุง,+82,KRW,KR,KOR,0,0,๐ฐ๐ท,0,"2022-12-22 05:58:37","2022-12-22 05:58:37"
173,Lithuania,ููุชูุงููุง,+370,LTL,LT,LTU,0,0,๐ฑ๐น,0,"2022-12-22 05:58:37","2022-12-22 05:58:37"
174,Qatar,ูุทุฑ,+974,QAR,QA,QAT,1,1,๐ถ๐ฆ,19,"2022-12-22 05:58:37","2022-12-22 05:58:37"
175,Romania,ุฑููุงููุง,+40,RON,RO,ROU,0,0,๐ท๐ด,0,"2022-12-22 05:58:37","2022-12-22 05:58:37"
176,Russia,ุฑูุณูุง,+7,RUB,RU,RUS,0,0,๐ท๐บ,0,"2022-12-22 05:58:37","2022-12-22 05:58:37"
177,Rwanda,ุฑูุงูุฏุง,+250,RWF,RW,RWA,0,0,๐ท๐ผ,0,"2022-12-22 05:58:37","2022-12-22 05:58:37"
178,Rรฉunion,ุฑูููููู,+262,EUR,RE,REU,0,0,๐ท๐ช,0,"2022-12-22 05:58:37","2022-12-22 05:58:37"
179,Samoa,ุณุงููุง,+685,WST,WS,WSM,0,0,๐ผ๐ธ,0,"2022-12-22 05:58:37","2022-12-22 05:58:37"
180,Saint Lucia,ุณุงูุช ููุดูุง,+1758,XCD,LC,LCA,0,0,๐ฑ๐จ,0,"2022-12-22 05:58:37","2022-12-22 05:58:37"
181,San Marino,ุณุงู ูุงุฑููู,+378,EUR,SM,SMR,0,0,๐ธ๐ฒ,0,"2022-12-22 05:58:37","2022-12-22 05:58:37"
182,Saint Kitts and Nevis,ุณุงูุช ููุชุณ ูููููุณ,+1869,XCD,KN,KNA,0,0,๐ฐ๐ณ,0,"2022-12-22 05:58:37","2022-12-22 05:58:37"
183,Saint Pierre and Miquelon,ุณุงูุช ุจููุฑ ูููููููู,+508,EUR,PM,SPM,0,0,๐ต๐ฒ,0,"2022-12-22 05:58:37","2022-12-22 05:58:37"
184,Saint Vincent and the Grenadines,ุณุงูุช ูููุณูุช ูุฌุฑููุงุฏููุฒ,+1784,XCD,VC,VCT,0,0,๐ป๐จ,0,"2022-12-22 05:58:37","2022-12-22 05:58:37"
185,Saudi Arabia,ุงูุณุนูุฏูุฉ,+966,SAR,SA,SAU,1,1,๐ธ๐ฆ,22,"2022-12-22 05:58:37","2022-12-22 05:58:37"
186,Senegal,ุงูุณูุบุงู,+221,XOF,SN,SEN,0,0,๐ธ๐ณ,0,"2022-12-22 05:58:37","2022-12-22 05:58:37"
187,South Georgia and the South Sandwich Islands,ุฌูุฑุฌูุง ุงูุฌููุจูุฉ ูุฌุฒุฑ ุณุงูุฏููุชุด ุงูุฌููุจูุฉ,+500,GBP,GS,SGS,0,0,๐ฌ๐ธ,0,"2022-12-22 05:58:37","2022-12-22 05:58:37"
188,Sao Tome and Principe,ุณุงูุชููุงู ูุจุฑููุณูุจุง,+239,STD,ST,STP,0,0,๐ธ๐น,0,"2022-12-22 05:58:37","2022-12-22 05:58:37"
189,Sierra Leone,ุณูุฑุงูููู,+232,SLL,SL,SLE,0,0,๐ธ๐ฑ,0,"2022-12-22 05:58:37","2022-12-22 05:58:37"
190,Serbia,ุตุฑุจูุง,+381,RSD,RS,SRB,0,0,๐ท๐ธ,0,"2022-12-22 05:58:37","2022-12-22 05:58:37"
191,Seychelles,ุณูุดู,+248,SCR,SC,SYC,0,0,๐ธ๐จ,0,"2022-12-22 05:58:37","2022-12-22 05:58:37"
192,Singapore,ุณูุบุงููุฑุฉ,+65,SGD,SG,SGP,0,0,๐ธ๐ฌ,0,"2022-12-22 05:58:37","2022-12-22 05:58:37"
193,Slovakia,ุณูููุงููุง,+421,EUR,SK,SVK,0,0,๐ธ๐ฐ,0,"2022-12-22 05:58:37","2022-12-22 05:58:37"
194,Slovenia,ุณููููููุง,+386,EUR,SI,SVN,0,0,๐ธ๐ฎ,0,"2022-12-22 05:58:37","2022-12-22 05:58:37"
195,Solomon Islands,ุฌุฒุฑ ุณูููููู,+677,SBD,SB,SLB,0,0,๐ธ๐ง,0,"2022-12-22 05:58:37","2022-12-22 05:58:37"
196,Somalia,ุงูุตููุงู,+252,SOS,SO,SOM,1,0,๐ธ๐ด,9,"2022-12-22 05:58:37","2022-12-22 05:58:37"
197,South Africa,ุฌููุจ ุฃูุฑูููุง,+27,ZAR,ZA,ZAF,0,0,๐ฟ๐ฆ,0,"2022-12-22 05:58:37","2022-12-22 05:58:37"
198,Spain,ุฃุณุจุงููุง,+34,EUR,ES,ESP,0,0,๐ช๐ธ,0,"2022-12-22 05:58:37","2022-12-22 05:58:37"
199,Sri Lanka,ุณูุฑููุงููุง,+94,LKR,LK,LKA,0,0,๐ฑ๐ฐ,0,"2022-12-22 05:58:37","2022-12-22 05:58:37"
200,Sudan,ุงูุณูุฏุงู,+249,SDG,SD,SDN,1,0,๐ธ๐ฉ,10,"2022-12-22 05:58:37","2022-12-22 05:58:37"
201,Suriname,ุณูุฑููุงู,+597,SRD,SR,SUR,0,0,๐ธ๐ท,0,"2022-12-22 05:58:37","2022-12-22 05:58:37"
202,Swaziland,ุณูุงุฒููุงูุฏ,+268,SZL,SZ,SWZ,0,0,๐ธ๐ฟ,0,"2022-12-22 05:58:37","2022-12-22 05:58:37"
203,Sweden,ุงูุณููุฏ,+46,SEK,SE,SWE,0,0,๐ธ๐ช,0,"2022-12-22 05:58:37","2022-12-22 05:58:37"
204,Switzerland,ุณููุณุฑุง,+41,CHF,CH,CHE,0,0,๐จ๐ญ,0,"2022-12-22 05:58:37","2022-12-22 05:58:37"
205,Syria,ุณูุฑูุง,+963,SYP,SY,SYR,1,0,๐ธ๐พ,8,"2022-12-22 05:58:37","2022-12-22 05:58:37"
206,Taiwan,ุชุงููุงู,+886,TWD,TW,TWN,0,0,๐น๐ผ,0,"2022-12-22 05:58:37","2022-12-22 05:58:37"
207,Tanzania,ุชูุฒุงููุง,+255,TZS,TZ,TZA,0,0,๐น๐ฟ,0,"2022-12-22 05:58:37","2022-12-22 05:58:37"
208,Thailand,ุชุงููุงูุฏ,+66,THB,TH,THA,0,0,๐น๐ญ,0,"2022-12-22 05:58:37","2022-12-22 05:58:37"
209,Togo,ุชูุฌู,+228,XOF,TG,TGO,0,0,๐น๐ฌ,0,"2022-12-22 05:58:37","2022-12-22 05:58:37"
210,Tonga,ุชููุฌุง,+676,TOP,TO,TON,0,0,๐น๐ด,0,"2022-12-22 05:58:37","2022-12-22 05:58:37"
211,Trinidad and Tobago,ุชุฑูููุฏุงุฏ ูุชูุจุงุฌู,+1868,TTD,TT,TTO,0,0,๐น๐น,0,"2022-12-22 05:58:37","2022-12-22 05:58:37"
212,Tunisia,ุชููุณ,+216,TND,TN,TUN,1,0,๐น๐ณ,12,"2022-12-22 05:58:37","2022-12-22 05:58:37"
213,Turkey,ุชุฑููุง,+90,TRY,TR,TUR,0,0,๐น๐ท,0,"2022-12-22 05:58:37","2022-12-22 05:58:37"
214,Turkmenistan,ุชุฑููุงูุณุชุงู,+993,TMT,TM,TKM,0,0,๐น๐ฒ,0,"2022-12-22 05:58:37","2022-12-22 05:58:37"
215,Uganda,ุฃูุบูุฏุง,+256,UGX,UG,UGA,0,0,๐บ๐ฌ,0,"2022-12-22 05:58:37","2022-12-22 05:58:37"
216,Ukraine,ุฃููุฑุงููุง,+380,UAH,UA,UKR,0,0,๐บ๐ฆ,0,"2022-12-22 05:58:37","2022-12-22 05:58:37"
217,United Arab Emirates,ุงูุฅูุงุฑุงุช,+971,AED,AE,ARE,1,1,๐ฆ๐ช,18,"2022-12-22 05:58:37","2022-12-22 05:58:37"
218,United Kingdom,ุงูููููุฉ ุงููุชุญุฏุฉ,+44,GBP,GB,GBR,0,0,๐ฌ๐ง,0,"2022-12-22 05:58:37","2022-12-22 05:58:37"
219,United States,ุงูููุงูุงุช ุงููุชุญุฏุฉ,+1,USD,US,USA,0,0,๐บ๐ธ,0,"2022-12-22 05:58:37","2022-12-22 05:58:37"
